{"epochs": [1, 2, 3, 4, 5, 6, 7, 8, 9, 10, 11, 12, 13, 14, 15, 16, 17, 18, 19, 20, 21, 22, 23, 24, 25, 26, 27, 28, 29, 30, 31, 32, 33, 34, 35, 36, 37, 38, 39, 40, 41, 42, 43, 44, 45], "val_acc": [52.15, 63.52, 66.11, 71.07, 71.66, 71.94, 75.14, 78.72, 80.3, 81.68, 82.2, 83.28, 82.28, 81.97, 82.6, 82.03, 83.72, 86.1, 83.19, 84.68, 84.24, 84.85, 84.35, 85.53, 87.04, 84.91, 87.99, 86.37, 87.41, 87.88, 87.71, 88.35, 89.05, 88.61, 88.92, 88.76, 89.81, 89.89, 90.23, 90.8, 90.72, 90.94, 91.16, 91.27, 91.52], "train_acc": [41.144, 60.538, 67.468, 71.252, 74.136, 76.196, 78.208, 79.714, 81.292, 82.262, 82.728, 83.328, 84.31, 84.73, 84.84, 85.564, 85.722, 86.298, 86.522, 86.862, 87.098, 87.734, 87.808, 88.222, 88.784, 89.068, 89.256, 89.398, 89.872, 90.596, 90.898, 91.01, 91.59, 91.73, 92.356, 92.622, 93.08, 93.568, 93.684, 94.154, 94.576, 94.994, 95.41, 95.512, 95.886], "loss": [1.564295713553953, 1.09590082080163, 0.9164867492587975, 0.8090016463833392, 0.7352628985329357, 0.6822477120267766, 0.6222547394082979, 0.5828989870712885, 0.5417004333585119, 0.5158534759603193, 0.49609574164880815, 0.481749160820261, 0.4547095919585289, 0.44439364241821994, 0.4343647594418367, 0.42323080257838946, 0.41427731193849804, 0.4012932004526143, 0.38960476379717707, 0.38062054452383914, 0.37051754606806714, 0.35928359764921086, 0.35021039870236537, 0.34001805345573083, 0.32632551607116106, 0.3184828731562475, 0.31179117234161746, 0.30545549342394485, 0.291840531065336, 0.2779836547382347, 0.2663763643568739, 0.2591582043930088, 0.2425079053777563, 0.2369961002293755, 0.2231163747246613, 0.21528255815624886, 0.20138888274464767, 0.19018959648468914, 0.18049500135662, 0.17184568275614162, 0.15664418580015296, 0.14781375040712258, 0.1354426708729828, 0.13143523266095944, 0.1219610783755017], "lr": [0.04995066821070679, 0.04980286753286195, 0.04955718126821722, 0.04921457902821577, 0.04877641290737884, 0.04824441214720628, 0.04762067631165049, 0.04690766700109659, 0.04610819813755038, 0.045225424859373684, 0.04426283106939473, 0.043224215685535285, 0.04211367764821721, 0.04093559974371724, 0.03969463130731183, 0.03839566987447491, 0.03704384185254288, 0.03564448228912681, 0.034203113817116944, 0.03272542485937368, 0.03121724717912136, 0.029684532864643114, 0.028133330839107608, 0.026569762988232833, 0.024999999999999998, 0.023430237011767163, 0.02186666916089239, 0.020315467135356882, 0.01878275282087863, 0.017274575140626323, 0.01579688618288306, 0.014355517710873183, 0.012956158147457113, 0.011604330125525078, 0.010305368692688173, 0.009064400256282756, 0.007886322351782781, 0.006775784314464716, 0.005737168930605271, 0.004774575140626316, 0.0038918018624496285, 0.0030923329989034102, 0.0023793236883495163, 0.0017555878527937164, 0.0012235870926211618], "time": [10.468878269195557, 21.386237621307373, 31.808456420898438, 41.96258759498596, 52.396567821502686, 62.56492376327515, 72.56315565109253, 82.93658757209778, 93.37869715690613, 103.43722915649414, 112.1641058921814, 122.35557055473328, 132.56790375709534, 143.1509051322937, 153.47486209869385, 163.7885468006134, 174.12977623939514, 184.6495053768158, 194.76802325248718, 205.1845178604126, 215.6950979232788, 226.1524715423584, 236.70535445213318, 246.98004508018494, 257.06235694885254, 267.5746488571167, 278.1090793609619, 288.4645607471466, 299.016086101532, 308.7071068286896, 318.8245544433594, 329.45097041130066, 340.4126226902008, 351.5063126087189, 362.44043350219727, 373.49120450019836, 384.52476835250854, 393.762305021286, 404.1073977947235, 414.877867937088, 424.8137381076813, 435.228511095047, 445.38823342323303, 456.17816495895386, 466.291629076004]}